No.,Cycle,Start DataTime,Counts,Counting rate (cpm),Origin Concentration,cycle duration (min)
923,923,2018/3/27 14:41,48,1.6,67.8,30
922,922,2018/3/27 14:11,68,2.27,96.19,30
921,921,2018/3/27 13:41,55,1.83,77.54,30
920,920,2018/3/27 13:11,57,1.9,80.51,30
919,919,2018/3/27 12:41,68,2.27,96.19,30
918,918,2018/3/27 12:11,50,1.67,70.76,30
917,917,2018/3/27 11:41,65,2.17,91.95,30
916,916,2018/3/27 11:11,55,1.83,77.54,30
915,915,2018/3/27 10:41,71,2.37,100.42,30
914,914,2018/3/27 10:11,74,2.47,104.66,30
913,913,2018/3/27 9:41,75,2.5,105.93,30
912,912,2018/3/27 9:11,77,2.57,108.9,30
911,911,2018/3/27 8:41,84,2.8,118.64,30
910,910,2018/3/27 8:11,113,3.77,159.75,30
909,909,2018/3/27 7:41,134,4.47,189.41,30
908,908,2018/3/27 7:11,140,4.67,197.88,30
907,907,2018/3/27 6:41,167,5.57,236.02,30
906,906,2018/3/27 6:11,147,4.9,207.63,30
905,905,2018/3/27 5:41,156,5.2,220.34,30
904,904,2018/3/27 5:11,132,4.4,186.44,30
903,903,2018/3/27 4:41,174,5.8,245.76,30
902,902,2018/3/27 4:11,142,4.73,200.42,30
901,901,2018/3/27 3:41,142,4.73,200.42,30
900,900,2018/3/27 3:11,133,4.43,187.71,30
899,899,2018/3/27 2:41,123,4.1,173.73,30
898,898,2018/3/27 2:11,133,4.43,187.71,30
897,897,2018/3/27 1:41,136,4.53,191.95,30
896,896,2018/3/27 1:11,127,4.23,179.24,30
895,895,2018/3/27 0:41,125,4.17,176.69,30
894,894,2018/3/27 0:11,112,3.73,158.05,30
893,893,2018/3/26 23:41,90,3,127.12,30
892,892,2018/3/26 23:11,103,3.43,145.34,30
891,891,2018/3/26 22:41,98,3.27,138.56,30
890,890,2018/3/26 22:11,99,3.3,139.83,30
889,889,2018/3/26 21:41,101,3.37,142.8,30
888,888,2018/3/26 21:11,80,2.67,113.14,30
887,887,2018/3/26 20:41,79,2.63,111.44,30
886,886,2018/3/26 20:11,90,3,127.12,30
885,885,2018/3/26 19:41,69,2.3,97.46,30
884,884,2018/3/26 19:11,50,1.67,70.76,30
883,883,2018/3/26 18:40,58,1.93,81.78,30
882,882,2018/3/26 18:10,33,1.1,46.61,30
881,881,2018/3/26 17:40,49,1.63,69.07,30
880,880,2018/3/26 17:10,40,1.33,56.36,30
879,879,2018/3/26 16:40,54,1.8,76.27,30
878,878,2018/3/26 16:10,44,1.47,62.29,30
877,877,2018/3/26 15:40,57,1.9,80.51,30
876,876,2018/3/26 15:10,56,1.87,79.24,30
875,875,2018/3/26 14:40,48,1.6,67.8,30
874,874,2018/3/26 14:10,54,1.8,76.27,30
873,873,2018/3/26 13:40,66,2.2,93.22,30
872,872,2018/3/26 13:10,57,1.9,80.51,30
871,871,2018/3/26 12:40,64,2.13,90.25,30
870,870,2018/3/26 12:10,71,2.37,100.42,30
869,869,2018/3/26 11:40,63,2.1,88.98,30
868,868,2018/3/26 11:10,56,1.87,79.24,30
867,867,2018/3/26 10:40,71,2.37,100.42,30
866,866,2018/3/26 10:10,68,2.27,96.19,30
865,865,2018/3/26 9:40,87,2.9,122.88,30
864,864,2018/3/26 9:10,102,3.4,144.07,30
863,863,2018/3/26 8:40,100,3.33,141.1,30
862,862,2018/3/26 8:10,104,3.47,147.03,30
861,861,2018/3/26 7:40,147,4.9,207.63,30
860,860,2018/3/26 7:10,164,5.47,231.78,30
859,859,2018/3/26 6:40,155,5.17,219.07,30
858,858,2018/3/26 6:10,166,5.53,234.32,30
857,857,2018/3/26 5:40,176,5.87,248.73,30
856,856,2018/3/26 5:10,142,4.73,200.42,30
855,855,2018/3/26 4:40,145,4.83,204.66,30
854,854,2018/3/26 4:10,161,5.37,227.54,30
853,853,2018/3/26 3:40,138,4.6,194.92,30
852,852,2018/3/26 3:10,145,4.83,204.66,30
851,851,2018/3/26 2:40,162,5.4,228.81,30
850,850,2018/3/26 2:10,162,5.4,228.81,30
849,849,2018/3/26 1:40,139,4.63,196.19,30
848,848,2018/3/26 1:10,179,5.97,252.97,30
847,847,2018/3/26 0:40,156,5.2,220.34,30
846,846,2018/3/26 0:10,122,4.07,172.46,30
845,845,2018/3/25 23:40,147,4.9,207.63,30
844,844,2018/3/25 23:10,121,4.03,170.76,30
843,843,2018/3/25 22:40,120,4,169.49,30
842,842,2018/3/25 22:10,115,3.83,162.29,30
841,841,2018/3/25 21:40,125,4.17,176.69,30
840,840,2018/3/25 21:10,98,3.27,138.56,30
839,839,2018/3/25 20:40,89,2.97,125.85,30
838,838,2018/3/25 20:10,93,3.1,131.36,30
837,837,2018/3/25 19:40,76,2.53,107.2,30
836,836,2018/3/25 19:10,65,2.17,91.95,30
835,835,2018/3/25 18:40,67,2.23,94.49,30
834,834,2018/3/25 18:10,78,2.6,110.17,30
833,833,2018/3/25 17:39,54,1.8,76.27,30
832,832,2018/3/25 17:09,71,2.37,100.42,30
831,831,2018/3/25 16:39,73,2.43,102.97,30
830,830,2018/3/25 16:09,53,1.77,75,30
829,829,2018/3/25 15:39,65,2.17,91.95,30
828,828,2018/3/25 15:09,65,2.17,91.95,30
827,827,2018/3/25 14:39,66,2.2,93.22,30
826,826,2018/3/25 14:09,56,1.87,79.24,30
825,825,2018/3/25 13:39,73,2.43,102.97,30
824,824,2018/3/25 13:09,68,2.27,96.19,30
823,823,2018/3/25 12:39,70,2.33,98.73,30
822,822,2018/3/25 12:09,74,2.47,104.66,30
821,821,2018/3/25 11:39,67,2.23,94.49,30
820,820,2018/3/25 11:09,80,2.67,113.14,30
819,819,2018/3/25 10:39,87,2.9,122.88,30
818,818,2018/3/25 10:09,74,2.47,104.66,30
817,817,2018/3/25 9:39,78,2.6,110.17,30
816,816,2018/3/25 9:09,89,2.97,125.85,30
815,815,2018/3/25 8:39,96,3.2,135.59,30
814,814,2018/3/25 8:09,99,3.3,139.83,30
813,813,2018/3/25 7:39,101,3.37,142.8,30
812,812,2018/3/25 7:09,93,3.1,131.36,30
811,811,2018/3/25 6:39,87,2.9,122.88,30
810,810,2018/3/25 6:09,91,3.03,128.39,30
809,809,2018/3/25 5:39,82,2.73,115.68,30
808,808,2018/3/25 5:09,77,2.57,108.9,30
807,807,2018/3/25 4:39,88,2.93,124.15,30
806,806,2018/3/25 4:09,99,3.3,139.83,30
805,805,2018/3/25 3:39,83,2.77,117.37,30
804,804,2018/3/25 3:09,99,3.3,139.83,30
803,803,2018/3/25 2:39,100,3.33,141.1,30
802,802,2018/3/25 2:09,77,2.57,108.9,30
801,801,2018/3/25 1:39,101,3.37,142.8,30
800,800,2018/3/25 1:09,85,2.83,119.92,30
799,799,2018/3/25 0:39,85,2.83,119.92,30
798,798,2018/3/25 0:09,114,3.8,161.02,30
797,797,2018/3/24 23:39,88,2.93,124.15,30
796,796,2018/3/24 23:09,105,3.5,148.31,30
795,795,2018/3/24 22:39,84,2.8,118.64,30
794,794,2018/3/24 22:09,73,2.43,102.97,30
793,793,2018/3/24 21:39,83,2.77,117.37,30
792,792,2018/3/24 21:09,89,2.97,125.85,30
791,791,2018/3/24 20:39,90,3,127.12,30
790,790,2018/3/24 20:09,76,2.53,107.2,30
789,789,2018/3/24 19:39,78,2.6,110.17,30
788,788,2018/3/24 19:09,103,3.43,145.34,30
787,787,2018/3/24 18:39,77,2.57,108.9,30
786,786,2018/3/24 18:09,75,2.5,105.93,30
785,785,2018/3/24 17:39,91,3.03,128.39,30
784,784,2018/3/24 17:09,98,3.27,138.56,30
783,783,2018/3/24 16:39,102,3.4,144.07,30
782,782,2018/3/24 16:08,82,2.73,115.68,30
781,781,2018/3/24 15:38,90,3,127.12,30
780,780,2018/3/24 15:08,81,2.7,114.41,30
779,779,2018/3/24 14:38,87,2.9,122.88,30
778,778,2018/3/24 14:08,69,2.3,97.46,30
777,777,2018/3/24 13:38,90,3,127.12,30
776,776,2018/3/24 13:08,106,3.53,149.58,30
775,775,2018/3/24 12:38,87,2.9,122.88,30
774,774,2018/3/24 12:08,98,3.27,138.56,30
773,773,2018/3/24 11:38,100,3.33,141.1,30
772,772,2018/3/24 11:08,87,2.9,122.88,30
771,771,2018/3/24 10:38,87,2.9,122.88,30
770,770,2018/3/24 10:08,94,3.13,132.63,30
769,769,2018/3/24 9:38,115,3.83,162.29,30
768,768,2018/3/24 9:08,113,3.77,159.75,30
767,767,2018/3/24 8:38,104,3.47,147.03,30
766,766,2018/3/24 8:08,110,3.67,155.51,30
765,765,2018/3/24 7:38,87,2.9,122.88,30
764,764,2018/3/24 7:08,103,3.43,145.34,30
763,763,2018/3/24 6:38,102,3.4,144.07,30
762,762,2018/3/24 6:08,111,3.7,156.78,30
761,761,2018/3/24 5:38,103,3.43,145.34,30
760,760,2018/3/24 5:08,110,3.67,155.51,30
759,759,2018/3/24 4:38,131,4.37,185.17,30
758,758,2018/3/24 4:08,110,3.67,155.51,30
757,757,2018/3/24 3:38,104,3.47,147.03,30
756,756,2018/3/24 3:08,109,3.63,153.81,30
755,755,2018/3/24 2:38,104,3.47,147.03,30
754,754,2018/3/24 2:08,101,3.37,142.8,30
753,753,2018/3/24 1:38,101,3.37,142.8,30
752,752,2018/3/24 1:08,90,3,127.12,30
751,751,2018/3/24 0:38,107,3.57,151.27,30
750,750,2018/3/24 0:08,133,4.43,187.71,30
749,749,2018/3/23 23:38,132,4.4,186.44,30
748,748,2018/3/23 23:08,116,3.87,163.98,30
747,747,2018/3/23 22:38,109,3.63,153.81,30
746,746,2018/3/23 22:08,90,3,127.12,30
745,745,2018/3/23 21:38,122,4.07,172.46,30
744,744,2018/3/23 21:08,128,4.27,180.93,30
743,743,2018/3/23 20:38,113,3.77,159.75,30
742,742,2018/3/23 20:08,115,3.83,162.29,30
741,741,2018/3/23 19:38,124,4.13,175,30
740,740,2018/3/23 19:08,107,3.57,151.27,30
739,739,2018/3/23 18:38,116,3.87,163.98,30
738,738,2018/3/23 18:08,110,3.67,155.51,30
737,737,2018/3/23 17:38,124,4.13,175,30
736,736,2018/3/23 17:08,101,3.37,142.8,30
735,735,2018/3/23 16:38,111,3.7,156.78,30
734,734,2018/3/23 16:08,120,4,169.49,30
733,733,2018/3/23 15:38,131,4.37,185.17,30
732,732,2018/3/23 15:07,129,4.3,182.2,30
731,731,2018/3/23 14:37,148,4.93,208.9,30
730,730,2018/3/23 14:07,128,4.27,180.93,30
729,729,2018/3/23 13:37,145,4.83,204.66,30
728,728,2018/3/23 13:07,147,4.9,207.63,30
727,727,2018/3/23 12:37,126,4.2,177.97,30
726,726,2018/3/23 12:07,128,4.27,180.93,30
725,725,2018/3/23 11:37,130,4.33,183.47,30
724,724,2018/3/23 11:07,131,4.37,185.17,30
723,723,2018/3/23 10:37,139,4.63,196.19,30
722,722,2018/3/23 10:07,161,5.37,227.54,30
721,721,2018/3/23 9:37,160,5.33,225.85,30
720,720,2018/3/23 9:07,179,5.97,252.97,30
719,719,2018/3/23 8:37,165,5.5,233.05,30
718,718,2018/3/23 8:07,198,6.6,279.66,30
717,717,2018/3/23 7:37,213,7.1,300.85,30
716,716,2018/3/23 7:07,207,6.9,292.37,30
715,715,2018/3/23 6:37,186,6.2,262.71,30
714,714,2018/3/23 6:07,210,7,296.61,30
713,713,2018/3/23 5:37,203,6.77,286.86,30
712,712,2018/3/23 5:07,213,7.1,300.85,30
711,711,2018/3/23 4:37,231,7.7,326.27,30
710,710,2018/3/23 4:07,207,6.9,292.37,30
709,709,2018/3/23 3:37,227,7.57,320.76,30
708,708,2018/3/23 3:07,226,7.53,319.07,30
707,707,2018/3/23 2:37,225,7.5,317.8,30
706,706,2018/3/23 2:07,225,7.5,317.8,30
705,705,2018/3/23 1:37,243,8.1,343.22,30
704,704,2018/3/23 1:07,246,8.2,347.46,30
703,703,2018/3/23 0:37,241,8.03,340.25,30
702,702,2018/3/23 0:07,275,9.17,388.56,30
701,701,2018/3/22 23:37,256,8.53,361.44,30
700,700,2018/3/22 23:07,289,9.63,408.05,30
699,699,2018/3/22 22:37,271,9.03,382.63,30
698,698,2018/3/22 22:07,315,10.5,444.92,30
697,697,2018/3/22 21:37,272,9.07,384.32,30
696,696,2018/3/22 21:07,306,10.2,432.2,30
695,695,2018/3/22 20:37,301,10.03,425,30
694,694,2018/3/22 20:07,291,9.7,411.02,30
693,693,2018/3/22 19:37,321,10.7,453.39,30
692,692,2018/3/22 19:07,323,10.77,456.36,30
691,691,2018/3/22 18:37,318,10.6,449.15,30
690,690,2018/3/22 18:07,331,11.03,467.37,30
689,689,2018/3/22 17:37,343,11.43,484.32,30
688,688,2018/3/22 17:07,382,12.73,539.41,30
687,687,2018/3/22 16:37,410,13.67,579.24,30
686,686,2018/3/22 16:07,347,11.57,490.25,30
685,685,2018/3/22 15:37,399,13.3,563.56,30
684,684,2018/3/22 15:07,389,12.97,549.58,30
683,683,2018/3/22 14:37,406,13.53,573.31,30
682,682,2018/3/22 14:07,423,14.1,597.46,30
681,681,2018/3/22 13:36,458,15.27,647.03,30
680,680,2018/3/22 13:06,442,14.73,624.15,30
679,679,2018/3/22 12:36,450,15,635.59,30
678,678,2018/3/22 12:06,466,15.53,658.05,30
677,677,2018/3/22 11:36,490,16.33,691.95,30
676,676,2018/3/22 11:06,521,17.37,736.02,30
675,675,2018/3/22 10:36,497,16.57,702.12,30
674,674,2018/3/22 10:06,572,19.07,808.05,30
673,673,2018/3/22 9:36,587,19.57,829.24,30
672,672,2018/3/22 9:06,590,19.67,833.47,30
671,671,2018/3/22 8:36,638,21.27,901.27,30
670,670,2018/3/22 8:06,643,21.43,908.05,30
669,669,2018/3/22 7:36,680,22.67,960.59,30
668,668,2018/3/22 7:06,654,21.8,923.73,30
667,667,2018/3/22 6:36,687,22.9,970.34,30
666,666,2018/3/22 6:06,676,22.53,954.66,30
665,665,2018/3/22 5:36,752,25.07,1062.29,30
664,664,2018/3/22 5:06,732,24.4,1033.9,30
663,663,2018/3/22 4:36,744,24.8,1050.85,30
662,662,2018/3/22 4:06,787,26.23,1111.44,30
661,661,2018/3/22 3:36,826,27.53,1166.53,30
660,660,2018/3/22 3:06,835,27.83,1179.24,30
659,659,2018/3/22 2:36,881,29.37,1244.49,30
658,658,2018/3/22 2:06,844,28.13,1191.95,30
657,657,2018/3/22 1:36,904,30.13,1276.69,30
656,656,2018/3/22 1:06,905,30.17,1278.39,30
655,655,2018/3/22 0:36,1047,34.9,1478.81,30
654,654,2018/3/22 0:06,1032,34.4,1457.63,30
653,653,2018/3/21 23:36,1063,35.43,1501.27,30
652,652,2018/3/21 23:06,1037,34.57,1464.83,30
651,651,2018/3/21 22:36,997,33.23,1408.05,30
650,650,2018/3/21 22:06,1123,37.43,1586.02,30
649,649,2018/3/21 21:36,1069,35.63,1509.75,30
648,648,2018/3/21 21:06,1210,40.33,1708.9,30
647,647,2018/3/21 20:36,1210,40.33,1708.9,30
646,646,2018/3/21 20:06,1157,38.57,1634.32,30
645,645,2018/3/21 19:36,1220,40.67,1723.31,30
644,644,2018/3/21 19:06,1364,45.47,1926.69,30
643,643,2018/3/21 18:36,1343,44.77,1897.03,30
642,642,2018/3/21 18:06,1403,46.77,1981.78,30
641,641,2018/3/21 17:36,1488,49.6,2101.69,30
640,640,2018/3/21 17:06,1560,52,2203.39,30
639,639,2018/3/21 16:36,1564,52.13,2208.9,30
638,638,2018/3/21 16:06,1504,50.13,2124.15,30
637,637,2018/3/21 15:36,1679,55.97,2371.61,30
636,636,2018/3/21 15:06,1733,57.77,2447.88,30
635,635,2018/3/21 14:36,1762,58.73,2488.56,30
634,634,2018/3/21 14:06,1810,60.33,2556.36,30
633,633,2018/3/21 13:36,1931,64.37,2727.54,30
632,632,2018/3/21 13:06,1845,61.5,2605.93,30
631,631,2018/3/21 12:35,1958,65.27,2765.68,30
630,630,2018/3/21 12:05,1996,66.53,2819.07,30
629,629,2018/3/21 11:35,2035,67.83,2874.15,30
628,628,2018/3/21 11:05,2068,68.93,2920.76,30
627,627,2018/3/21 10:35,2171,72.37,3066.53,30
626,626,2018/3/21 10:05,2286,76.2,3228.81,30
625,625,2018/3/21 9:35,2225,74.17,3142.8,30
624,624,2018/3/21 9:05,2364,78.8,3338.98,30
623,623,2018/3/21 8:34,10336,344.53,14598.73,30
622,622,2018/3/21 8:04,10461,348.7,14775.42,30
621,621,2018/3/21 7:34,10375,345.83,14653.81,30
620,620,2018/3/21 7:04,10418,347.27,14714.83,30
619,619,2018/3/21 6:34,10486,349.53,14810.59,30
618,618,2018/3/21 6:04,10095,336.5,14258.47,30
617,617,2018/3/21 5:34,10302,343.4,14550.85,30
616,616,2018/3/21 5:04,10354,345.13,14624.15,30
615,615,2018/3/21 4:34,10300,343.33,14547.88,30
614,614,2018/3/21 4:04,10183,339.43,14382.63,30
613,613,2018/3/21 3:34,10468,348.93,14785.17,30
612,612,2018/3/21 3:04,10243,341.43,14467.37,30
611,611,2018/3/21 2:34,10263,342.1,14495.76,30
610,610,2018/3/21 2:04,9942,331.4,14042.37,30
609,609,2018/3/21 1:34,10249,341.63,14475.85,30
608,608,2018/3/21 1:04,10198,339.93,14403.81,30
607,607,2018/3/21 0:34,10299,343.3,14546.61,30
606,606,2018/3/21 0:04,10328,344.27,14587.71,30
605,605,2018/3/20 23:34,10411,347.03,14704.66,30
604,604,2018/3/20 23:04,10438,347.93,14742.8,30
603,603,2018/3/20 22:34,10158,338.6,14347.46,30
602,602,2018/3/20 22:04,10430,347.67,14731.78,30
601,601,2018/3/20 21:34,10073,335.77,14227.54,30
600,600,2018/3/20 21:04,10135,337.83,14314.83,30
599,599,2018/3/20 20:34,10365,345.5,14639.83,30
598,598,2018/3/20 20:04,10194,339.8,14398.31,30
597,597,2018/3/20 19:34,10283,342.77,14524.15,30
596,596,2018/3/20 19:04,10124,337.47,14299.58,30
595,595,2018/3/20 18:34,10271,342.37,14507.2,30
594,594,2018/3/20 18:04,10252,341.73,14480.08,30
593,593,2018/3/20 17:34,10196,339.87,14401.27,30
592,592,2018/3/20 17:04,10199,339.97,14405.51,30
591,591,2018/3/20 16:34,10269,342.3,14504.24,30
590,590,2018/3/20 16:04,10362,345.4,14635.59,30
589,589,2018/3/20 15:34,10542,351.4,14889.83,30
588,588,2018/3/20 15:04,10384,346.13,14666.53,30
587,587,2018/3/20 14:34,10352,345.07,14621.61,30
586,586,2018/3/20 14:04,10312,343.73,14564.83,30
585,585,2018/3/20 13:34,10264,342.13,14497.03,30
584,584,2018/3/20 13:04,10203,340.1,14411.02,30
583,583,2018/3/20 12:34,10193,339.77,14397.03,30
582,582,2018/3/20 12:04,10184,339.47,14384.32,30
581,581,2018/3/20 11:34,9978,332.6,14093.22,30
580,580,2018/3/20 11:04,10199,339.97,14405.51,30
579,579,2018/3/20 10:34,10452,348.4,14762.71,30
578,578,2018/3/20 10:04,10157,338.57,14346.19,30
577,577,2018/3/20 9:34,10348,344.93,14615.68,30
576,576,2018/3/20 9:04,10148,338.27,14333.47,30
575,575,2018/3/20 8:34,10433,347.77,14736.02,30
574,574,2018/3/20 8:03,10233,341.1,14453.39,30
573,573,2018/3/20 7:33,10016,333.87,14147.03,30
572,572,2018/3/20 7:03,10075,335.83,14230.08,30
571,571,2018/3/20 6:33,10496,349.87,14825,30
570,570,2018/3/20 6:03,10227,340.9,14444.92,30
569,569,2018/3/20 5:33,10345,344.83,14611.44,30
568,568,2018/3/20 5:03,10367,345.57,14642.8,30
567,567,2018/3/20 4:33,10225,340.83,14441.95,30
566,566,2018/3/20 4:03,10306,343.53,14556.36,30
565,565,2018/3/20 3:33,10404,346.8,14694.92,30
564,564,2018/3/20 3:03,10485,349.5,14809.32,30
563,563,2018/3/20 2:33,9963,332.1,14072.03,30
562,562,2018/3/20 2:03,10273,342.43,14509.75,30
561,561,2018/3/20 1:33,10126,337.53,14302.12,30
560,560,2018/3/20 1:03,10181,339.37,14380.08,30
559,559,2018/3/20 0:33,10290,343,14533.9,30
558,558,2018/3/20 0:03,10421,347.37,14719.07,30
557,557,2018/3/19 23:33,10283,342.77,14524.15,30
556,556,2018/3/19 23:03,10043,334.77,14185.17,30
555,555,2018/3/19 22:33,9946,331.53,14047.88,30
554,554,2018/3/19 22:03,10060,335.33,14208.9,30
553,553,2018/3/19 21:33,9994,333.13,14115.68,30
552,552,2018/3/19 21:03,10199,339.97,14405.51,30
551,551,2018/3/19 20:33,10304,343.47,14553.81,30
550,550,2018/3/19 20:03,10199,339.97,14405.51,30
549,549,2018/3/19 19:33,10211,340.37,14422.46,30
548,548,2018/3/19 19:03,10134,337.8,14313.56,30
547,547,2018/3/19 18:33,10003,333.43,14128.39,30
546,546,2018/3/19 18:03,10073,335.77,14227.54,30
545,545,2018/3/19 17:33,10061,335.37,14210.59,30
544,544,2018/3/19 17:03,10002,333.4,14127.12,30
543,543,2018/3/19 16:33,10158,338.6,14347.46,30
542,542,2018/3/19 16:03,10205,340.17,14413.98,30
541,541,2018/3/19 15:33,10333,344.43,14594.49,30
540,540,2018/3/19 15:03,10247,341.57,14473.31,30
539,539,2018/3/19 14:33,10168,338.93,14361.44,30
538,538,2018/3/19 14:03,10338,344.6,14601.69,30
537,537,2018/3/19 13:33,10224,340.8,14440.68,30
536,536,2018/3/19 13:03,10124,337.47,14299.58,30
535,535,2018/3/19 12:33,10247,341.57,14473.31,30
534,534,2018/3/19 12:03,10139,337.97,14320.76,30
533,533,2018/3/19 11:33,10159,338.63,14348.73,30
532,532,2018/3/19 11:03,9914,330.47,14002.97,30
531,531,2018/3/19 10:33,10156,338.53,14344.49,30
530,530,2018/3/19 10:03,10188,339.6,14389.83,30
529,529,2018/3/19 9:33,10293,343.1,14538.14,30
528,528,2018/3/19 9:03,10258,341.93,14488.56,30
527,527,2018/3/19 8:33,10346,344.87,14613.14,30
526,526,2018/3/19 8:03,10203,340.1,14411.02,30
525,525,2018/3/19 7:33,10186,339.53,14386.86,30
524,524,2018/3/19 7:03,10277,342.57,14515.68,30
523,523,2018/3/19 6:32,10290,343,14533.9,30
522,522,2018/3/19 6:02,10078,335.93,14234.32,30
521,521,2018/3/19 5:32,10211,340.37,14422.46,30
520,520,2018/3/19 5:02,10214,340.47,14426.69,30
519,519,2018/3/19 4:32,10068,335.6,14220.34,30
518,518,2018/3/19 4:02,10112,337.07,14282.63,30
517,517,2018/3/19 3:32,10200,340,14406.78,30
516,516,2018/3/19 3:02,10152,338.4,14338.98,30
515,515,2018/3/19 2:32,10018,333.93,14149.58,30
514,514,2018/3/19 2:02,10037,334.57,14176.69,30
513,513,2018/3/19 1:32,9998,333.27,14121.61,30
512,512,2018/3/19 1:02,9986,332.87,14104.66,30
511,511,2018/3/19 0:32,10111,337.03,14280.93,30
510,510,2018/3/19 0:02,10215,340.5,14427.97,30
509,509,2018/3/18 23:32,9972,332.4,14084.75,30
508,508,2018/3/18 23:02,10215,340.5,14427.97,30
507,507,2018/3/18 22:32,10200,340,14406.78,30
506,506,2018/3/18 22:02,10100,336.67,14265.68,30
505,505,2018/3/18 21:32,10390,346.33,14675,30
504,504,2018/3/18 21:02,10005,333.5,14131.36,30
503,503,2018/3/18 20:32,10306,343.53,14556.36,30
502,502,2018/3/18 20:02,10358,345.27,14630.08,30
501,501,2018/3/18 19:32,10125,337.5,14300.85,30
500,500,2018/3/18 19:02,10335,344.5,14597.46,30
499,499,2018/3/18 18:32,10368,345.6,14644.07,30
498,498,2018/3/18 18:02,10239,341.3,14461.86,30
497,497,2018/3/18 17:32,10089,336.3,14250,30
496,496,2018/3/18 17:02,10206,340.2,14415.25,30
495,495,2018/3/18 16:32,10383,346.1,14665.25,30
494,494,2018/3/18 16:02,9810,327,13855.93,30
493,493,2018/3/18 15:32,10185,339.5,14385.59,30
492,492,2018/3/18 15:02,10116,337.2,14288.14,30
491,491,2018/3/18 14:32,10192,339.73,14395.34,30
490,490,2018/3/18 14:02,10183,339.43,14382.63,30
489,489,2018/3/18 13:32,10184,339.47,14384.32,30
488,488,2018/3/18 13:02,9911,330.37,13998.73,30
487,487,2018/3/18 12:32,10389,346.3,14673.73,30
486,486,2018/3/18 12:02,10184,339.47,14384.32,30
485,485,2018/3/18 11:32,10098,336.6,14262.71,30
484,484,2018/3/18 11:02,9839,327.97,13897.03,30
483,483,2018/3/18 10:32,10091,336.37,14252.97,30
482,482,2018/3/18 10:02,10196,339.87,14401.27,30
481,481,2018/3/18 9:32,10195,339.83,14399.58,30
480,480,2018/3/18 9:02,9943,331.43,14043.64,30
479,479,2018/3/18 8:32,10038,334.6,14177.97,30
478,478,2018/3/18 8:02,10035,334.5,14173.73,30
477,477,2018/3/18 7:32,10083,336.1,14241.53,30
476,476,2018/3/18 7:02,10117,337.23,14289.41,30
475,475,2018/3/18 6:32,10169,338.97,14363.14,30
474,474,2018/3/18 6:02,9873,329.1,13944.92,30
473,473,2018/3/18 5:31,10229,340.97,14447.88,30
472,472,2018/3/18 5:01,10080,336,14237.29,30
471,471,2018/3/18 4:31,10079,335.97,14236.02,30
470,470,2018/3/18 4:01,9949,331.63,14052.12,30
469,469,2018/3/18 3:31,10095,336.5,14258.47,30
468,468,2018/3/18 3:01,9941,331.37,14041.1,30
467,467,2018/3/18 2:31,9961,332.03,14069.07,30
466,466,2018/3/18 2:01,10064,335.47,14214.83,30
465,465,2018/3/18 1:31,9944,331.47,14045.34,30
464,464,2018/3/18 1:01,10160,338.67,14350.42,30
463,463,2018/3/18 0:31,9842,328.07,13901.27,30
462,462,2018/3/18 0:01,10022,334.07,14155.51,30
461,461,2018/3/17 23:31,9870,329,13940.68,30
460,460,2018/3/17 23:01,9848,328.27,13909.75,30
459,459,2018/3/17 22:31,10038,334.6,14177.97,30
458,458,2018/3/17 22:01,10004,333.47,14130.08,30
457,457,2018/3/17 21:31,10206,340.2,14415.25,30
456,456,2018/3/17 21:01,10137,337.9,14317.8,30
455,455,2018/3/17 20:31,9737,324.57,13752.97,30
454,454,2018/3/17 20:01,9939,331.3,14038.14,30
453,453,2018/3/17 19:31,10007,333.57,14134.32,30
452,452,2018/3/17 19:01,10078,335.93,14234.32,30
451,451,2018/3/17 18:31,9989,332.97,14108.9,30
450,450,2018/3/17 18:01,10028,334.27,14163.98,30
449,449,2018/3/17 17:31,10143,338.1,14326.27,30
448,448,2018/3/17 17:01,9726,324.2,13737.29,30
447,447,2018/3/17 16:31,10032,334.4,14169.49,30
446,446,2018/3/17 16:01,9737,324.57,13752.97,30
445,445,2018/3/17 15:31,9791,326.37,13829.24,30
444,444,2018/3/17 15:01,9818,327.27,13867.37,30
443,443,2018/3/17 14:31,9711,323.7,13716.1,30
442,442,2018/3/17 14:01,10007,333.57,14134.32,30
441,441,2018/3/17 13:31,9927,330.9,14021.19,30
440,440,2018/3/17 13:01,9825,327.5,13877.12,30
439,439,2018/3/17 12:31,9814,327.13,13861.44,30
438,438,2018/3/17 12:01,9757,325.23,13780.93,30
437,437,2018/3/17 11:31,9762,325.4,13788.14,30
436,436,2018/3/17 11:01,9951,331.7,14055.08,30
435,435,2018/3/17 10:31,9773,325.77,13803.81,30
434,434,2018/3/17 10:01,9792,326.4,13830.51,30
433,433,2018/3/17 9:31,9790,326.33,13827.54,30
432,432,2018/3/17 9:01,9711,323.7,13716.1,30
431,431,2018/3/17 8:31,9644,321.47,13621.61,30
430,430,2018/3/17 8:01,9631,321.03,13602.97,30
429,429,2018/3/17 7:31,9651,321.7,13631.36,30
428,428,2018/3/17 7:01,9522,317.4,13449.15,30
427,427,2018/3/17 6:31,9739,324.63,13755.51,30
426,426,2018/3/17 6:01,9551,318.37,13490.25,30
425,425,2018/3/17 5:31,9676,322.53,13666.53,30
424,424,2018/3/17 5:01,9502,316.73,13420.76,30
423,423,2018/3/17 4:31,9621,320.7,13588.98,30
422,422,2018/3/17 4:00,9554,318.47,13494.49,30
421,421,2018/3/17 3:30,9299,309.97,13134.32,30
420,420,2018/3/17 3:00,9579,319.3,13529.66,30
419,419,2018/3/17 2:30,9432,314.4,13322.03,30
418,418,2018/3/17 2:00,9514,317.13,13437.71,30
417,417,2018/3/17 1:30,9404,313.47,13282.63,30
416,416,2018/3/17 1:00,9238,307.93,13047.88,30
415,415,2018/3/17 0:30,9104,303.47,12858.9,30
414,414,2018/3/17 0:00,9400,313.33,13276.69,30
413,413,2018/3/16 23:30,9204,306.8,13000,30
412,412,2018/3/16 23:00,9261,308.7,13080.51,30
411,411,2018/3/16 22:30,9207,306.9,13004.24,30
410,410,2018/3/16 22:00,9109,303.63,12865.68,30
409,409,2018/3/16 21:30,9102,303.4,12855.93,30
408,408,2018/3/16 21:00,9122,304.07,12884.32,30
407,407,2018/3/16 20:30,9122,304.07,12884.32,30
406,406,2018/3/16 20:00,8967,298.9,12665.25,30
405,405,2018/3/16 19:30,9051,301.7,12783.9,30
404,404,2018/3/16 19:00,9048,301.6,12779.66,30
403,403,2018/3/16 18:30,8881,296.03,12543.64,30
402,402,2018/3/16 18:00,8816,293.87,12452.12,30
401,401,2018/3/16 17:30,9008,300.27,12723.31,30
400,400,2018/3/16 17:00,8831,294.37,12473.31,30
399,399,2018/3/16 16:30,8723,290.77,12320.76,30
398,398,2018/3/16 16:00,8577,285.9,12114.41,30
397,397,2018/3/16 15:30,8352,278.4,11796.61,30
396,396,2018/3/16 15:00,8336,277.87,11774.15,30
395,395,2018/3/16 14:30,8379,279.3,11834.75,30
394,394,2018/3/16 14:00,8341,278.03,11780.93,30
393,393,2018/3/16 13:30,8082,269.4,11415.25,30
392,392,2018/3/16 13:00,8292,276.4,11711.86,30
391,391,2018/3/16 12:30,8119,270.63,11467.37,30
390,390,2018/3/16 12:00,8023,267.43,11331.78,30
389,389,2018/3/16 11:30,8088,269.6,11423.73,30
388,388,2018/3/16 11:00,8050,268.33,11369.92,30
387,387,2018/3/16 10:30,8114,270.47,11460.59,30
386,386,2018/3/16 10:00,7994,266.47,11291.1,30
385,385,2018/3/16 9:30,8096,269.87,11435.17,30
384,384,2018/3/16 9:00,8189,272.97,11566.53,30
383,383,2018/3/16 8:08,66,2.2,93.22,30
382,382,2018/3/16 7:38,79,2.63,111.44,30
381,381,2018/3/16 7:08,65,2.17,91.95,30
380,380,2018/3/16 6:38,93,3.1,131.36,30
379,379,2018/3/16 6:08,73,2.43,102.97,30
378,378,2018/3/16 5:38,81,2.7,114.41,30
377,377,2018/3/16 5:08,72,2.4,101.69,30
376,376,2018/3/16 4:38,82,2.73,115.68,30
375,375,2018/3/16 4:08,76,2.53,107.2,30
374,374,2018/3/16 3:38,82,2.73,115.68,30
373,373,2018/3/16 3:08,68,2.27,96.19,30
372,372,2018/3/16 2:38,61,2.03,86.02,30
371,371,2018/3/16 2:08,70,2.33,98.73,30
370,370,2018/3/16 1:38,75,2.5,105.93,30
369,369,2018/3/16 1:08,89,2.97,125.85,30
368,368,2018/3/16 0:38,67,2.23,94.49,30
367,367,2018/3/16 0:08,73,2.43,102.97,30
366,366,2018/3/15 23:38,63,2.1,88.98,30
365,365,2018/3/15 23:08,98,3.27,138.56,30
364,364,2018/3/15 22:38,75,2.5,105.93,30
363,363,2018/3/15 22:08,70,2.33,98.73,30
362,362,2018/3/15 21:38,62,2.07,87.71,30
361,361,2018/3/15 21:08,61,2.03,86.02,30
360,360,2018/3/15 20:38,70,2.33,98.73,30
359,359,2018/3/15 20:08,87,2.9,122.88,30
358,358,2018/3/15 19:38,77,2.57,108.9,30
357,357,2018/3/15 19:08,74,2.47,104.66,30
356,356,2018/3/15 18:38,60,2,84.75,30
355,355,2018/3/15 18:08,65,2.17,91.95,30
354,354,2018/3/15 17:38,66,2.2,93.22,30
353,353,2018/3/15 17:08,65,2.17,91.95,30
352,352,2018/3/15 16:38,40,1.33,56.36,30
351,351,2018/3/15 16:08,54,1.8,76.27,30
350,350,2018/3/15 15:38,59,1.97,83.47,30
349,349,2018/3/15 15:08,50,1.67,70.76,30
348,348,2018/3/15 14:38,54,1.8,76.27,30
347,347,2018/3/15 14:08,44,1.47,62.29,30
346,346,2018/3/15 13:38,64,2.13,90.25,30
345,345,2018/3/15 13:08,52,1.73,73.31,30
344,344,2018/3/15 12:38,47,1.57,66.53,30
343,343,2018/3/15 12:08,51,1.7,72.03,30
342,342,2018/3/15 11:38,65,2.17,91.95,30
341,341,2018/3/15 11:08,52,1.73,73.31,30
340,340,2018/3/15 10:38,51,1.7,72.03,30
339,339,2018/3/15 10:08,61,2.03,86.02,30
338,338,2018/3/15 9:38,57,1.9,80.51,30
337,337,2018/3/15 9:08,60,2,84.75,30
336,336,2018/3/15 8:37,73,2.43,102.97,30
335,335,2018/3/15 8:07,83,2.77,117.37,30
334,334,2018/3/15 7:37,74,2.47,104.66,30
333,333,2018/3/15 7:07,82,2.73,115.68,30
332,332,2018/3/15 6:37,67,2.23,94.49,30
331,331,2018/3/15 6:07,50,1.67,70.76,30
330,330,2018/3/15 5:37,63,2.1,88.98,30
329,329,2018/3/15 5:07,69,2.3,97.46,30
328,328,2018/3/15 4:37,75,2.5,105.93,30
327,327,2018/3/15 4:07,68,2.27,96.19,30
326,326,2018/3/15 3:37,73,2.43,102.97,30
325,325,2018/3/15 3:07,71,2.37,100.42,30
324,324,2018/3/15 2:37,83,2.77,117.37,30
323,323,2018/3/15 2:07,55,1.83,77.54,30
322,322,2018/3/15 1:37,71,2.37,100.42,30
321,321,2018/3/15 1:07,57,1.9,80.51,30
320,320,2018/3/15 0:37,72,2.4,101.69,30
319,319,2018/3/15 0:07,61,2.03,86.02,30
318,318,2018/3/14 23:37,65,2.17,91.95,30
317,317,2018/3/14 23:07,50,1.67,70.76,30
316,316,2018/3/14 22:37,59,1.97,83.47,30
315,315,2018/3/14 22:07,63,2.1,88.98,30
314,314,2018/3/14 21:37,77,2.57,108.9,30
313,313,2018/3/14 21:07,53,1.77,75,30
312,312,2018/3/14 20:37,63,2.1,88.98,30
311,311,2018/3/14 20:07,64,2.13,90.25,30
310,310,2018/3/14 19:37,61,2.03,86.02,30
309,309,2018/3/14 19:07,56,1.87,79.24,30
308,308,2018/3/14 18:37,42,1.4,59.32,30
307,307,2018/3/14 18:07,49,1.63,69.07,30
306,306,2018/3/14 17:37,51,1.7,72.03,30
305,305,2018/3/14 17:07,39,1.3,55.08,30
304,304,2018/3/14 16:37,49,1.63,69.07,30
303,303,2018/3/14 16:07,39,1.3,55.08,30
302,302,2018/3/14 15:37,40,1.33,56.36,30
301,301,2018/3/14 15:07,63,2.1,88.98,30
300,300,2018/3/14 14:37,56,1.87,79.24,30
299,299,2018/3/14 14:07,40,1.33,56.36,30
298,298,2018/3/14 13:37,40,1.33,56.36,30
297,297,2018/3/14 13:07,43,1.43,60.59,30
296,296,2018/3/14 12:37,44,1.47,62.29,30
295,295,2018/3/14 12:07,40,1.33,56.36,30
294,294,2018/3/14 11:37,40,1.33,56.36,30
293,293,2018/3/14 11:07,48,1.6,67.8,30
292,292,2018/3/14 10:37,34,1.13,47.88,30
291,291,2018/3/14 10:07,62,2.07,87.71,30
290,290,2018/3/14 9:37,38,1.27,53.81,30
289,289,2018/3/14 9:07,39,1.3,55.08,30
288,288,2018/3/14 8:37,42,1.4,59.32,30
287,287,2018/3/14 8:07,57,1.9,80.51,30
286,286,2018/3/14 7:37,57,1.9,80.51,30
285,285,2018/3/14 7:06,58,1.93,81.78,30
284,284,2018/3/14 6:36,62,2.07,87.71,30
283,283,2018/3/14 6:06,51,1.7,72.03,30
282,282,2018/3/14 5:36,57,1.9,80.51,30
281,281,2018/3/14 5:06,66,2.2,93.22,30
280,280,2018/3/14 4:36,60,2,84.75,30
279,279,2018/3/14 4:06,53,1.77,75,30
278,278,2018/3/14 3:36,52,1.73,73.31,30
277,277,2018/3/14 3:06,64,2.13,90.25,30
276,276,2018/3/14 2:36,52,1.73,73.31,30
275,275,2018/3/14 2:06,38,1.27,53.81,30
274,274,2018/3/14 1:36,40,1.33,56.36,30
273,273,2018/3/14 1:06,41,1.37,58.05,30
272,272,2018/3/14 0:36,52,1.73,73.31,30
271,271,2018/3/14 0:06,45,1.5,63.56,30
270,270,2018/3/13 23:36,47,1.57,66.53,30
269,269,2018/3/13 23:06,55,1.83,77.54,30
268,268,2018/3/13 22:36,53,1.77,75,30
267,267,2018/3/13 22:06,54,1.8,76.27,30
266,266,2018/3/13 21:36,52,1.73,73.31,30
265,265,2018/3/13 21:06,57,1.9,80.51,30
264,264,2018/3/13 20:36,59,1.97,83.47,30
263,263,2018/3/13 20:06,48,1.6,67.8,30
262,262,2018/3/13 19:36,40,1.33,56.36,30
261,261,2018/3/13 19:06,46,1.53,64.83,30
260,260,2018/3/13 18:36,46,1.53,64.83,30
259,259,2018/3/13 18:06,54,1.8,76.27,30
258,258,2018/3/13 17:36,54,1.8,76.27,30
257,257,2018/3/13 17:06,45,1.5,63.56,30
256,256,2018/3/13 16:36,53,1.77,75,30
255,255,2018/3/13 16:06,55,1.83,77.54,30
254,254,2018/3/13 15:36,46,1.53,64.83,30
253,253,2018/3/13 15:06,37,1.23,52.12,30
252,252,2018/3/13 14:36,59,1.97,83.47,30
251,251,2018/3/13 14:06,49,1.63,69.07,30
250,250,2018/3/13 13:36,51,1.7,72.03,30
249,249,2018/3/13 13:06,27,0.9,38.14,30
248,248,2018/3/13 12:36,43,1.43,60.59,30
247,247,2018/3/13 12:06,53,1.77,75,30
246,246,2018/3/13 11:36,49,1.63,69.07,30
245,245,2018/3/13 11:06,55,1.83,77.54,30
244,244,2018/3/13 10:36,40,1.33,56.36,30
243,243,2018/3/13 10:06,44,1.47,62.29,30
242,242,2018/3/13 9:36,56,1.87,79.24,30
241,241,2018/3/13 9:06,60,2,84.75,30
240,240,2018/3/13 8:36,76,2.53,107.2,30
239,239,2018/3/13 8:06,78,2.6,110.17,30
238,238,2018/3/13 7:36,64,2.13,90.25,30
237,237,2018/3/13 7:06,82,2.73,115.68,30
236,236,2018/3/13 6:36,56,1.87,79.24,30
235,235,2018/3/13 6:06,61,2.03,86.02,30
234,234,2018/3/13 5:35,56,1.87,79.24,30
233,233,2018/3/13 5:05,70,2.33,98.73,30
232,232,2018/3/13 4:35,73,2.43,102.97,30
231,231,2018/3/13 4:05,60,2,84.75,30
230,230,2018/3/13 3:35,52,1.73,73.31,30
229,229,2018/3/13 3:05,73,2.43,102.97,30
228,228,2018/3/13 2:35,55,1.83,77.54,30
227,227,2018/3/13 2:05,96,3.2,135.59,30
226,226,2018/3/13 1:35,82,2.73,115.68,30
225,225,2018/3/13 1:05,59,1.97,83.47,30
224,224,2018/3/13 0:35,59,1.97,83.47,30
223,223,2018/3/13 0:05,71,2.37,100.42,30
222,222,2018/3/12 23:35,60,2,84.75,30
221,221,2018/3/12 23:05,58,1.93,81.78,30
220,220,2018/3/12 22:35,81,2.7,114.41,30
219,219,2018/3/12 22:05,52,1.73,73.31,30
218,218,2018/3/12 21:35,54,1.8,76.27,30
217,217,2018/3/12 21:05,54,1.8,76.27,30
216,216,2018/3/12 20:35,56,1.87,79.24,30
215,215,2018/3/12 20:05,52,1.73,73.31,30
214,214,2018/3/12 19:35,55,1.83,77.54,30
213,213,2018/3/12 19:05,38,1.27,53.81,30
212,212,2018/3/12 18:35,49,1.63,69.07,30
211,211,2018/3/12 18:05,47,1.57,66.53,30
210,210,2018/3/12 17:35,47,1.57,66.53,30
209,209,2018/3/12 17:05,52,1.73,73.31,30
208,208,2018/3/12 16:35,33,1.1,46.61,30
207,207,2018/3/12 16:05,29,10.7,453.39,30
206,206,2018/3/12 15:35,55,1.83,77.54,30
205,205,2018/3/12 15:05,39,1.3,55.08,30
204,204,2018/3/12 14:35,34,1.13,47.88,30
203,203,2018/3/12 14:05,49,1.63,69.07,30
202,202,2018/3/12 13:35,51,1.7,72.03,30
201,201,2018/3/12 13:05,44,1.47,62.29,30
200,200,2018/3/12 12:35,37,1.23,52.12,30
199,199,2018/3/12 12:05,48,1.6,67.8,30
198,198,2018/3/12 11:35,60,2,84.75,30
197,197,2018/3/12 11:05,43,1.43,60.59,30
196,196,2018/3/12 10:35,54,1.8,76.27,30
195,195,2018/3/12 10:05,53,1.77,75,30
194,194,2018/3/12 9:35,44,1.47,62.29,30
193,193,2018/3/12 9:05,53,1.77,75,30
192,192,2018/3/12 8:35,49,1.63,69.07,30
191,191,2018/3/9 8:00,803,26.77,1134.32,30
190,190,2018/3/9 7:29,896,29.87,1265.68,30
189,189,2018/3/9 6:59,908,30.27,1282.63,30
188,188,2018/3/9 6:29,834,27.8,1177.97,30
187,187,2018/3/9 5:59,1021,34.03,1441.95,30
186,186,2018/3/9 5:29,969,32.3,1368.64,30
185,185,2018/3/9 4:59,973,32.43,1374.15,30
184,184,2018/3/9 4:29,1071,35.7,1512.71,30
183,183,2018/3/9 3:59,1020,34,1440.68,30
182,182,2018/3/9 3:29,1089,36.3,1538.14,30
181,181,2018/3/9 2:59,1106,36.87,1562.29,30
180,180,2018/3/9 2:29,1189,39.63,1679.24,30
179,179,2018/3/9 1:59,1233,41.1,1741.53,30
178,178,2018/3/9 1:29,1152,38.4,1627.12,30
177,177,2018/3/9 0:59,1258,41.93,1776.69,30
176,176,2018/3/9 0:29,1361,45.37,1922.46,30
175,175,2018/3/8 23:59,1331,44.37,1880.08,30
174,174,2018/3/8 23:29,1456,48.53,2056.36,30
173,173,2018/3/8 22:59,1401,46.7,1978.81,30
172,172,2018/3/8 22:29,1573,52.43,2221.61,30
171,171,2018/3/8 21:59,1611,53.7,2275.42,30
170,170,2018/3/8 21:29,1644,54.8,2322.03,30
169,169,2018/3/8 20:59,1683,56.1,2377.12,30
168,168,2018/3/8 20:29,1683,56.1,2377.12,30
167,167,2018/3/8 19:59,1716,57.2,2423.73,30
166,166,2018/3/8 19:29,1827,60.9,2580.51,30
165,165,2018/3/8 18:59,1853,61.77,2617.37,30
164,164,2018/3/8 18:29,1961,65.37,2769.92,30
163,163,2018/3/8 17:59,1954,65.13,2759.75,30
162,162,2018/3/8 17:29,2131,71.03,3009.75,30
161,161,2018/3/8 16:59,2053,68.43,2899.58,30
160,160,2018/3/8 16:29,2106,70.2,2974.58,30
159,159,2018/3/8 15:28,2168,72.27,3062.29,30
158,158,2018/3/8 14:33,10568,352.27,14926.69,30
157,157,2018/3/8 14:03,10620,354,15000,30
156,156,2018/3/8 13:33,10228,340.93,14446.19,30
155,155,2018/3/8 13:03,10089,336.3,14250,30
154,154,2018/3/8 12:33,10309,343.63,14560.59,30
153,153,2018/3/8 12:03,10166,338.87,14358.9,30
152,152,2018/3/8 11:33,10410,347,14703.39,30
151,151,2018/3/8 11:03,10203,340.1,14411.02,30
150,150,2018/3/8 10:33,10190,339.67,14392.8,30
149,149,2018/3/8 10:03,10222,340.73,14437.71,30
148,148,2018/3/8 9:33,10294,343.13,14539.41,30
147,147,2018/3/8 9:03,10041,334.7,14182.2,30
146,146,2018/3/8 8:33,10130,337.67,14308.05,30
145,145,2018/3/8 8:03,10310,343.67,14562.29,30
144,144,2018/3/8 7:33,10079,335.97,14236.02,30
143,143,2018/3/8 7:03,10067,335.57,14219.07,30
142,142,2018/3/8 6:33,10405,346.83,14696.19,30
141,141,2018/3/8 6:03,9894,329.8,13974.58,30
140,140,2018/3/8 5:33,10109,336.97,14278.39,30
139,139,2018/3/8 5:03,9918,330.6,14008.47,30
138,138,2018/3/8 4:33,10075,335.83,14230.08,30
137,137,2018/3/8 4:03,10017,333.9,14148.31,30
136,136,2018/3/8 3:33,10147,338.23,14331.78,30
135,135,2018/3/8 3:03,10279,342.63,14518.22,30
134,134,2018/3/8 2:33,10104,336.8,14271.19,30
133,133,2018/3/8 2:02,10208,340.27,14418.22,30
132,132,2018/3/8 1:32,10005,333.5,14131.36,30
131,131,2018/3/8 1:02,10078,335.93,14234.32,30
130,130,2018/3/8 0:32,9907,330.23,13992.8,30
129,129,2018/3/8 0:02,9908,330.27,13994.49,30
128,128,2018/3/7 23:32,10001,333.37,14125.85,30
127,127,2018/3/7 23:02,9926,330.87,14019.92,30
126,126,2018/3/7 22:32,9969,332.3,14080.51,30
125,125,2018/3/7 22:02,9845,328.17,13905.51,30
124,124,2018/3/7 21:32,9912,330.4,14000,30
123,123,2018/3/7 21:02,9878,329.27,13952.12,30
122,122,2018/3/7 20:32,9812,327.07,13858.9,30
121,121,2018/3/7 20:02,9998,333.27,14121.61,30
120,120,2018/3/7 19:32,9695,323.17,13693.64,30
119,119,2018/3/7 19:02,9978,332.6,14093.22,30
118,118,2018/3/7 18:32,9830,327.67,13884.32,30
117,117,2018/3/7 18:02,9643,321.43,13619.92,30
116,116,2018/3/7 17:32,9656,321.87,13638.56,30
115,115,2018/3/7 17:02,9645,321.5,13622.88,30
114,114,2018/3/7 16:32,9579,319.3,13529.66,30
113,113,2018/3/7 16:02,9767,325.57,13795.34,30
112,112,2018/3/7 15:32,9563,318.77,13507.2,30
111,111,2018/3/7 15:02,7423,247.43,10484.32,30
110,110,2018/3/7 14:32,7220,240.67,10197.88,30
109,109,2018/3/7 14:02,7227,240.9,10207.63,30
108,108,2018/3/7 13:32,6989,232.97,9871.61,30
107,107,2018/3/7 13:02,6971,232.37,9846.19,30
106,106,2018/3/7 12:32,6971,232.37,9846.19,30
105,105,2018/3/7 12:02,6904,230.13,9751.27,30
104,104,2018/3/7 11:32,7002,233.4,9889.83,30
103,103,2018/3/7 11:02,6967,232.23,9840.25,30
102,102,2018/3/7 10:32,7181,239.37,10142.8,30
101,101,2018/3/7 10:02,7022,234.07,9918.22,30
100,100,2018/3/7 9:32,7039,234.63,9941.95,30
99,99,2018/3/7 9:02,7102,236.73,10030.93,30
98,98,2018/3/7 8:32,7011,233.7,9902.54,30
97,97,2018/3/7 8:02,7007,233.57,9897.03,30
96,96,2018/3/7 7:32,7169,238.97,10125.85,30
95,95,2018/3/7 7:02,6991,233.03,9874.15,30
94,94,2018/3/7 6:32,6880,229.33,9717.37,30
93,93,2018/3/7 6:02,6960,232,9830.51,30
92,92,2018/3/7 5:32,6881,229.37,9719.07,30
91,91,2018/3/7 5:02,6825,227.5,9639.83,30
90,90,2018/3/7 4:32,6933,231.1,9792.37,30
89,89,2018/3/7 4:02,6885,229.5,9724.58,30
88,88,2018/3/7 3:32,6718,223.93,9488.56,30
87,87,2018/3/7 3:02,7050,235,9957.63,30
86,86,2018/3/7 2:32,7056,235.2,9966.1,30
85,85,2018/3/7 2:02,6761,225.37,9549.58,30
84,84,2018/3/7 1:32,6743,224.77,9524.15,30
83,83,2018/3/7 1:02,6670,222.33,9420.76,30
82,82,2018/3/7 0:31,6884,229.47,9723.31,30
81,81,2018/3/7 0:01,6780,226,9576.27,30
80,80,2018/3/6 23:31,6879,229.3,9716.1,30
79,79,2018/3/6 23:01,6789,226.3,9588.98,30
78,78,2018/3/6 22:31,6666,222.2,9415.25,30
77,77,2018/3/6 22:01,6875,229.17,9710.59,30
76,76,2018/3/6 21:31,6716,223.87,9486.02,30
75,75,2018/3/6 21:01,6670,222.33,9420.76,30
74,74,2018/3/6 20:31,6547,218.23,9247.03,30
73,73,2018/3/6 20:01,6793,226.43,9594.49,30
72,72,2018/3/6 19:31,6509,216.97,9193.64,30
71,71,2018/3/6 19:01,6559,218.63,9263.98,30
70,70,2018/3/6 18:31,6722,224.07,9494.49,30
69,69,2018/3/6 18:01,6449,214.97,9108.9,30
68,68,2018/3/6 17:31,6546,218.2,9245.76,30
67,67,2018/3/6 17:01,6543,218.1,9241.53,30
66,66,2018/3/6 16:31,6353,211.77,8973.31,30
65,65,2018/3/6 16:01,6596,219.87,9316.53,30
64,64,2018/3/6 15:31,6364,212.13,8988.56,30
63,63,2018/3/6 15:01,6533,217.77,9227.54,30
62,62,2018/3/6 14:31,6320,210.67,8926.69,30
61,61,2018/3/6 14:01,6450,215,9110.17,30
60,60,2018/3/6 13:31,6313,210.43,8916.53,30
59,59,2018/3/6 13:01,5621,187.37,7939.41,30
58,58,2018/3/6 12:31,3706,123.53,5234.32,30
57,57,2018/3/6 12:01,3644,121.47,5147.03,30
56,56,2018/3/6 11:31,3606,120.2,5093.22,30
55,55,2018/3/6 11:01,3610,120.33,5098.73,30
54,54,2018/3/6 10:31,3613,120.43,5102.97,30
53,53,2018/3/6 10:01,3597,119.9,5080.51,30
52,52,2018/3/6 9:31,3506,116.87,4952.12,30
51,51,2018/3/6 9:01,3615,120.5,5105.93,30
50,50,2018/3/6 8:31,3600,120,5084.75,30
49,49,2018/3/6 8:01,3505,116.83,4950.42,30
48,48,2018/3/6 7:31,3618,120.6,5110.17,30
47,47,2018/3/6 7:01,3733,124.43,5272.46,30
46,46,2018/3/6 6:31,3413,113.77,4820.76,30
45,45,2018/3/6 6:01,3507,116.9,4953.39,30
44,44,2018/3/6 5:31,3450,115,4872.88,30
43,43,2018/3/6 5:01,3476,115.87,4909.75,30
42,42,2018/3/6 4:31,3543,118.1,5004.24,30
41,41,2018/3/6 4:01,3382,112.73,4776.69,30
40,40,2018/3/6 3:31,3565,118.83,5035.17,30
39,39,2018/3/6 3:01,3497,116.57,4939.41,30
38,38,2018/3/6 2:31,3246,108.2,4584.75,30
37,37,2018/3/6 2:01,3519,117.3,4970.34,30
36,36,2018/3/6 1:31,3436,114.53,4852.97,30
35,35,2018/3/6 1:01,3381,112.7,4775.42,30
34,34,2018/3/6 0:31,3524,117.47,4977.54,30
33,33,2018/3/6 0:01,3393,113.1,4792.37,30
32,32,2018/3/5 23:31,3549,118.3,5012.71,30
31,31,2018/3/5 23:00,3346,111.53,4725.85,30
30,30,2018/3/5 22:30,3380,112.67,4774.15,30
29,29,2018/3/5 22:00,3438,114.6,4855.93,30
28,28,2018/3/5 21:30,3250,108.33,4590.25,30
27,27,2018/3/5 21:00,3235,107.83,4569.07,30
26,26,2018/3/5 20:30,3330,111,4703.39,30
25,25,2018/3/5 20:00,3205,106.83,4526.69,30
24,24,2018/3/5 19:30,3259,108.63,4602.97,30
23,23,2018/3/5 19:00,3277,109.23,4628.39,30
22,22,2018/3/5 18:30,3190,106.33,4505.51,30
21,21,2018/3/5 18:00,3315,110.5,4682.2,30
20,20,2018/3/5 17:30,3266,108.87,4613.14,30
19,19,2018/3/5 17:00,3209,106.97,4532.63,30
18,18,2018/3/5 16:30,3259,108.63,4602.97,30
17,17,2018/3/5 16:00,3255,108.5,4597.46,30
16,16,2018/3/5 15:30,3143,104.77,4439.41,30
15,15,2018/3/5 15:00,3138,104.6,4432.2,30
14,14,2018/3/5 14:29,3208,106.93,4530.93,30
13,13,2018/3/5 13:59,3216,107.2,4542.37,30
12,12,2018/3/5 13:29,3091,103.03,4365.68,30
11,11,2018/3/5 12:59,3107,103.57,4388.56,30
10,10,2018/3/5 12:29,3207,106.9,4529.66,30
9,9,2018/3/5 11:59,3113,103.77,4397.03,30
8,8,2018/3/5 11:29,2995,99.83,4230.08,30
7,7,2018/3/5 10:59,3116,103.87,4401.27,30
6,6,2018/3/5 10:29,3164,105.47,4469.07,30
5,5,2018/3/5 9:59,3123,104.1,4411.02,30
4,4,2018/3/5 9:09,56,2.8,118.64,20
3,3,2018/3/5 8:49,65,3.25,137.71,20
2,2,2018/3/5 8:29,60,3,127.12,20
1,1,2018/3/5 8:09,79,3.95,167.37,20
